[
    {"key":"agent-section","value":"{\"images\":{\"banner_image\":\"2b51e3ba-5bfc-4783-a167-c9e89b4c1e07.webp\"},\"language\":{\"en\":{\"heading\":\"Empowering Agents\",\"sub_heading\":\"Unleash the Power of QRpay Agent Services\",\"details\":\"Welcome to QRpay's Agent Services, where convenience meets efficiency. Our platform is designed to empower agents like you with a suite of powerful tools and features that streamline financial transactions. Whether you're sending money between agents, receiving payments, managing remittances, or providing additional services like bill pay and mobile top-ups, QRpay has you covered.\\r\\n\\r\\nAs a QRpay agent, you'll enjoy seamless money transfers, secure withdrawals, and access to detailed financial insights through our profits log. Our intuitive interface and QR code support make transactions swift and secure, ensuring a hassle-free experience for both you and your customers.\",\"bottom_heading\":\"Agent Experience\",\"bottom_sub_heading\":\"Discover Powerful Features for Agents\",\"bottom_details\":\"QRpay offers a range of robust features designed specifically to empower agents in managing financial transactions efficiently. Explore these key features tailored to enhance your agent\"},\"es\":{\"heading\":\"Agentes empoderadores\",\"sub_heading\":\"Libere el poder de los servicios del agente QRpay\",\"details\":\"Bienvenido a los Servicios para agentes de QRpay, donde la conveniencia se une a la eficiencia. Nuestra plataforma est\\u00e1 dise\\u00f1ada para brindar a agentes como usted un conjunto de potentes herramientas y funciones que agilizan las transacciones financieras. Ya sea que env\\u00ede dinero entre agentes, reciba pagos, administre remesas o brinde servicios adicionales como pago de facturas y recargas m\\u00f3viles, QRpay lo tiene cubierto.\\r\\n\\r\\nComo agente de QRpay, disfrutar\\u00e1 de transferencias de dinero fluidas, retiros seguros y acceso a informaci\\u00f3n financiera detallada a trav\\u00e9s de nuestro registro de ganancias. Nuestra interfaz intuitiva y compatibilidad con c\\u00f3digos QR hacen que las transacciones sean r\\u00e1pidas y seguras, lo que garantiza una experiencia sin complicaciones tanto para usted como para sus clientes.\",\"bottom_heading\":\"Experiencia del agente\",\"bottom_sub_heading\":\"Descubra potentes funciones para agentes\",\"bottom_details\":\"QRpay ofrece una gama de funciones s\\u00f3lidas dise\\u00f1adas espec\\u00edficamente para capacitar a los agentes en la gesti\\u00f3n eficiente de transacciones financieras. Explore estas caracter\\u00edsticas clave dise\\u00f1adas para mejorar a su agente\"},\"ar\":{\"heading\":\"\\u0648\\u0643\\u0644\\u0627\\u0621 \\u0627\\u0644\\u062a\\u0645\\u0643\\u064a\\u0646\",\"sub_heading\":\"\\u0623\\u0637\\u0644\\u0642 \\u0627\\u0644\\u0639\\u0646\\u0627\\u0646 \\u0644\\u0642\\u0648\\u0629 \\u062e\\u062f\\u0645\\u0627\\u062a \\u0648\\u0643\\u064a\\u0644 QRpay\",\"details\":\"\\u0645\\u0631\\u062d\\u0628\\u064b\\u0627 \\u0628\\u0643 \\u0641\\u064a \\u062e\\u062f\\u0645\\u0627\\u062a \\u0648\\u0643\\u064a\\u0644 QRpay\\u060c \\u062d\\u064a\\u062b \\u062a\\u062c\\u062a\\u0645\\u0639 \\u0627\\u0644\\u0631\\u0627\\u062d\\u0629 \\u0648\\u0627\\u0644\\u0643\\u0641\\u0627\\u0621\\u0629. \\u062a\\u0645 \\u062a\\u0635\\u0645\\u064a\\u0645 \\u0645\\u0646\\u0635\\u062a\\u0646\\u0627 \\u0644\\u062a\\u0645\\u0643\\u064a\\u0646 \\u0627\\u0644\\u0648\\u0643\\u0644\\u0627\\u0621 \\u0645\\u062b\\u0644\\u0643 \\u0645\\u0646 \\u062e\\u0644\\u0627\\u0644 \\u0645\\u062c\\u0645\\u0648\\u0639\\u0629 \\u0645\\u0646 \\u0627\\u0644\\u0623\\u062f\\u0648\\u0627\\u062a \\u0648\\u0627\\u0644\\u0645\\u064a\\u0632\\u0627\\u062a \\u0627\\u0644\\u0642\\u0648\\u064a\\u0629 \\u0627\\u0644\\u062a\\u064a \\u062a\\u0639\\u0645\\u0644 \\u0639\\u0644\\u0649 \\u062a\\u0628\\u0633\\u064a\\u0637 \\u0627\\u0644\\u0645\\u0639\\u0627\\u0645\\u0644\\u0627\\u062a \\u0627\\u0644\\u0645\\u0627\\u0644\\u064a\\u0629. \\u0633\\u0648\\u0627\\u0621 \\u0643\\u0646\\u062a \\u062a\\u0631\\u0633\\u0644 \\u0627\\u0644\\u0623\\u0645\\u0648\\u0627\\u0644 \\u0628\\u064a\\u0646 \\u0627\\u0644\\u0648\\u0643\\u0644\\u0627\\u0621\\u060c \\u0623\\u0648 \\u062a\\u062a\\u0644\\u0642\\u0649 \\u0627\\u0644\\u0645\\u062f\\u0641\\u0648\\u0639\\u0627\\u062a\\u060c \\u0623\\u0648 \\u062a\\u062f\\u064a\\u0631 \\u0627\\u0644\\u062a\\u062d\\u0648\\u064a\\u0644\\u0627\\u062a \\u0627\\u0644\\u0645\\u0627\\u0644\\u064a\\u0629\\u060c \\u0623\\u0648 \\u062a\\u0642\\u062f\\u0645 \\u062e\\u062f\\u0645\\u0627\\u062a \\u0625\\u0636\\u0627\\u0641\\u064a\\u0629 \\u0645\\u062b\\u0644 \\u062f\\u0641\\u0639 \\u0627\\u0644\\u0641\\u0648\\u0627\\u062a\\u064a\\u0631 \\u0648\\u062a\\u0639\\u0628\\u0626\\u0629 \\u0631\\u0635\\u064a\\u062f \\u0627\\u0644\\u0647\\u0627\\u062a\\u0641 \\u0627\\u0644\\u0645\\u062d\\u0645\\u0648\\u0644\\u060c \\u0641\\u0625\\u0646 QRpay \\u064a\\u0644\\u0628\\u064a \\u0627\\u062d\\u062a\\u064a\\u0627\\u062c\\u0627\\u062a\\u0643.\\r\\n\\r\\n\\u0628\\u0627\\u0639\\u062a\\u0628\\u0627\\u0631\\u0643 \\u0648\\u0643\\u064a\\u0644 QRpay\\u060c \\u0633\\u062a\\u0633\\u062a\\u0645\\u062a\\u0639 \\u0628\\u062a\\u062d\\u0648\\u064a\\u0644\\u0627\\u062a \\u0645\\u0627\\u0644\\u064a\\u0629 \\u0633\\u0644\\u0633\\u0629 \\u0648\\u0639\\u0645\\u0644\\u064a\\u0627\\u062a \\u0633\\u062d\\u0628 \\u0622\\u0645\\u0646\\u0629 \\u0648\\u0627\\u0644\\u0648\\u0635\\u0648\\u0644 \\u0625\\u0644\\u0649 \\u0631\\u0624\\u0649 \\u0645\\u0627\\u0644\\u064a\\u0629 \\u0645\\u0641\\u0635\\u0644\\u0629 \\u0645\\u0646 \\u062e\\u0644\\u0627\\u0644 \\u0633\\u062c\\u0644 \\u0627\\u0644\\u0623\\u0631\\u0628\\u0627\\u062d \\u0627\\u0644\\u062e\\u0627\\u0635 \\u0628\\u0646\\u0627. \\u062a\\u0639\\u0645\\u0644 \\u0648\\u0627\\u062c\\u0647\\u062a\\u0646\\u0627 \\u0633\\u0647\\u0644\\u0629 \\u0627\\u0644\\u0627\\u0633\\u062a\\u062e\\u062f\\u0627\\u0645 \\u0648\\u062f\\u0639\\u0645 \\u0631\\u0645\\u0632 \\u0627\\u0644\\u0627\\u0633\\u062a\\u062c\\u0627\\u0628\\u0629 \\u0627\\u0644\\u0633\\u0631\\u064a\\u0639\\u0629 \\u0639\\u0644\\u0649 \\u062c\\u0639\\u0644 \\u0627\\u0644\\u0645\\u0639\\u0627\\u0645\\u0644\\u0627\\u062a \\u0633\\u0631\\u064a\\u0639\\u0629 \\u0648\\u0622\\u0645\\u0646\\u0629\\u060c \\u0645\\u0645\\u0627 \\u064a\\u0636\\u0645\\u0646 \\u062a\\u062c\\u0631\\u0628\\u0629 \\u062e\\u0627\\u0644\\u064a\\u0629 \\u0645\\u0646 \\u0627\\u0644\\u0645\\u062a\\u0627\\u0639\\u0628 \\u0644\\u0643 \\u0648\\u0644\\u0639\\u0645\\u0644\\u0627\\u0626\\u0643.\",\"bottom_heading\":\"\\u062a\\u062c\\u0631\\u0628\\u0629 \\u0627\\u0644\\u0648\\u0643\\u064a\\u0644\",\"bottom_sub_heading\":\"\\u0627\\u0643\\u062a\\u0634\\u0641 \\u0627\\u0644\\u0645\\u064a\\u0632\\u0627\\u062a \\u0627\\u0644\\u0642\\u0648\\u064a\\u0629 \\u0644\\u0644\\u0648\\u0643\\u0644\\u0627\\u0621\",\"bottom_details\":\"\\u064a\\u0642\\u062f\\u0645 QRpay \\u0645\\u062c\\u0645\\u0648\\u0639\\u0629 \\u0645\\u0646 \\u0627\\u0644\\u0645\\u064a\\u0632\\u0627\\u062a \\u0627\\u0644\\u0642\\u0648\\u064a\\u0629 \\u0627\\u0644\\u0645\\u0635\\u0645\\u0645\\u0629 \\u062e\\u0635\\u064a\\u0635\\u064b\\u0627 \\u0644\\u062a\\u0645\\u0643\\u064a\\u0646 \\u0627\\u0644\\u0648\\u0643\\u0644\\u0627\\u0621 \\u0645\\u0646 \\u0625\\u062f\\u0627\\u0631\\u0629 \\u0627\\u0644\\u0645\\u0639\\u0627\\u0645\\u0644\\u0627\\u062a \\u0627\\u0644\\u0645\\u0627\\u0644\\u064a\\u0629 \\u0628\\u0643\\u0641\\u0627\\u0621\\u0629. \\u0627\\u0633\\u062a\\u0643\\u0634\\u0641 \\u0647\\u0630\\u0647 \\u0627\\u0644\\u0645\\u064a\\u0632\\u0627\\u062a \\u0627\\u0644\\u0631\\u0626\\u064a\\u0633\\u064a\\u0629 \\u0627\\u0644\\u0645\\u0635\\u0645\\u0645\\u0629 \\u062e\\u0635\\u064a\\u0635\\u064b\\u0627 \\u0644\\u062a\\u062d\\u0633\\u064a\\u0646 \\u0648\\u0643\\u064a\\u0644\\u0643\"},\"fr\":{\"heading\":\"Agents responsabilisants\",\"sub_heading\":\"Lib\\u00e9rez la puissance des services d'agent QRpay\",\"details\":\"Bienvenue dans les services d'agent de QRpay, o\\u00f9 la commodit\\u00e9 rencontre l'efficacit\\u00e9. Notre plateforme est con\\u00e7ue pour offrir aux agents comme vous une suite d'outils et de fonctionnalit\\u00e9s puissants qui rationalisent les transactions financi\\u00e8res. Que vous envoyiez de l'argent entre agents, receviez des paiements, g\\u00e9riez les envois de fonds ou fournissiez des services suppl\\u00e9mentaires tels que le paiement de factures et les recharges mobiles, QRpay a ce qu'il vous faut.\\r\\n\\r\\nEn tant qu'agent QRpay, vous b\\u00e9n\\u00e9ficierez de transferts d'argent fluides, de retraits s\\u00e9curis\\u00e9s et d'un acc\\u00e8s \\u00e0 des informations financi\\u00e8res d\\u00e9taill\\u00e9es via notre journal des b\\u00e9n\\u00e9fices. Notre interface intuitive et la prise en charge des codes QR rendent les transactions rapides et s\\u00e9curis\\u00e9es, garantissant une exp\\u00e9rience sans tracas pour vous et vos clients.\",\"bottom_heading\":\"Exp\\u00e9rience des agents\",\"bottom_sub_heading\":\"D\\u00e9couvrez des fonctionnalit\\u00e9s puissantes pour les agents\",\"bottom_details\":\"QRpay offre une gamme de fonctionnalit\\u00e9s robustes con\\u00e7ues sp\\u00e9cifiquement pour permettre aux agents de g\\u00e9rer efficacement les transactions financi\\u00e8res. Explorez ces fonctionnalit\\u00e9s cl\\u00e9s con\\u00e7ues pour am\\u00e9liorer votre agent\"}},\"items\":{\"6603c3d4cdaa2\":{\"language\":{\"en\":{\"title\":\"In-App Wallet\",\"icon\":\"las la-wallet\",\"sub_title\":\"Manage your funds conveniently with the QRpay in-app wallet. Store your earnings securely and access them whenever you need to facilitate transactions seamlessly.\"},\"es\":{\"title\":\"Monedero en la aplicaci\\u00f3n\",\"icon\":\"las la-wallet\",\"sub_title\":\"Administre sus fondos c\\u00f3modamente con la billetera en la aplicaci\\u00f3n QRpay. Almacene sus ganancias de forma segura y acceda a ellas siempre que necesite para facilitar las transacciones sin problemas.\"},\"ar\":{\"title\":\"\\u0627\\u0644\\u0645\\u062d\\u0641\\u0638\\u0629 \\u062f\\u0627\\u062e\\u0644 \\u0627\\u0644\\u062a\\u0637\\u0628\\u064a\\u0642\",\"icon\":\"las la-wallet\",\"sub_title\":\"\\u0642\\u0645 \\u0628\\u0625\\u062f\\u0627\\u0631\\u0629 \\u0623\\u0645\\u0648\\u0627\\u0644\\u0643 \\u0628\\u0633\\u0647\\u0648\\u0644\\u0629 \\u0628\\u0627\\u0633\\u062a\\u062e\\u062f\\u0627\\u0645 \\u0645\\u062d\\u0641\\u0638\\u0629 QRpay \\u062f\\u0627\\u062e\\u0644 \\u0627\\u0644\\u062a\\u0637\\u0628\\u064a\\u0642. \\u0642\\u0645 \\u0628\\u062a\\u062e\\u0632\\u064a\\u0646 \\u0623\\u0631\\u0628\\u0627\\u062d\\u0643 \\u0628\\u0634\\u0643\\u0644 \\u0622\\u0645\\u0646 \\u0648\\u0627\\u0644\\u0648\\u0635\\u0648\\u0644 \\u0625\\u0644\\u064a\\u0647\\u0627 \\u0639\\u0646\\u062f\\u0645\\u0627 \\u062a\\u062d\\u062a\\u0627\\u062c \\u0625\\u0644\\u0649 \\u062a\\u0633\\u0647\\u064a\\u0644 \\u0627\\u0644\\u0645\\u0639\\u0627\\u0645\\u0644\\u0627\\u062a \\u0628\\u0633\\u0644\\u0627\\u0633\\u0629.\"},\"fr\":{\"title\":\"Portefeuille int\\u00e9gr\\u00e9 \\u00e0 l'application\",\"icon\":\"las la-wallet\",\"sub_title\":\"G\\u00e9rez facilement vos fonds avec le portefeuille int\\u00e9gr\\u00e9 QRpay. Stockez vos gains en toute s\\u00e9curit\\u00e9 et acc\\u00e9dez-y chaque fois que vous en avez besoin pour faciliter les transactions en toute transparence.\"}},\"id\":\"6603c3d4cdaa2\"},\"6603c5555d7c1\":{\"language\":{\"en\":{\"title\":\"Send Money\",\"icon\":\"lab la-telegram-plane\",\"sub_title\":\"Transfer funds agent to agent securely and swiftly between agents within the QRpay network, ensuring seamless transactions for your customers.\"},\"es\":{\"title\":\"Enviar dinero\",\"icon\":\"lab la-telegram-plane\",\"sub_title\":\"Transfiera fondos de agente a agente de forma segura y r\\u00e1pida entre agentes dentro de la red QRpay, garantizando transacciones fluidas para sus clientes.\"},\"ar\":{\"title\":\"\\u0625\\u0631\\u0633\\u0627\\u0644 \\u0627\\u0644\\u0623\\u0645\\u0648\\u0627\\u0644\",\"icon\":\"lab la-telegram-plane\",\"sub_title\":\"\\u0642\\u0645 \\u0628\\u062a\\u062d\\u0648\\u064a\\u0644 \\u0627\\u0644\\u0623\\u0645\\u0648\\u0627\\u0644 \\u0645\\u0646 \\u0648\\u0643\\u064a\\u0644 \\u0625\\u0644\\u0649 \\u0648\\u0643\\u064a\\u0644 \\u0628\\u0634\\u0643\\u0644 \\u0622\\u0645\\u0646 \\u0648\\u0633\\u0631\\u064a\\u0639 \\u0628\\u064a\\u0646 \\u0627\\u0644\\u0648\\u0643\\u0644\\u0627\\u0621 \\u062f\\u0627\\u062e\\u0644 \\u0634\\u0628\\u0643\\u0629 QRpay\\u060c \\u0645\\u0645\\u0627 \\u064a\\u0636\\u0645\\u0646 \\u0625\\u062c\\u0631\\u0627\\u0621 \\u0645\\u0639\\u0627\\u0645\\u0644\\u0627\\u062a \\u0633\\u0644\\u0633\\u0629 \\u0644\\u0639\\u0645\\u0644\\u0627\\u0626\\u0643.\"},\"fr\":{\"title\":\"Envoyer de l'argent\",\"icon\":\"lab la-telegram-plane\",\"sub_title\":\"Transf\\u00e9rez des fonds d'agent \\u00e0 agent de mani\\u00e8re s\\u00e9curis\\u00e9e et rapide entre les agents du r\\u00e9seau QRpay, garantissant ainsi des transactions transparentes pour vos clients.\"}},\"id\":\"6603c5555d7c1\"},\"6603c5a1212da\":{\"language\":{\"en\":{\"title\":\"Receive Money\",\"icon\":\"las la-receipt\",\"sub_title\":\"Accept payments from other agents with ease, providing a convenient way to receive funds and expand your business capabilities.\"},\"es\":{\"title\":\"Recibir dinero\",\"icon\":\"las la-receipt\",\"sub_title\":\"Acepte pagos de otros agentes con facilidad, lo que brinda una forma conveniente de recibir fondos y ampliar sus capacidades comerciales.\"},\"ar\":{\"title\":\"\\u0625\\u0633\\u062a\\u0644\\u0645 \\u0646\\u0642\\u0648\\u062f\",\"icon\":\"las la-receipt\",\"sub_title\":\"\\u0627\\u0642\\u0628\\u0644 \\u0627\\u0644\\u0645\\u062f\\u0641\\u0648\\u0639\\u0627\\u062a \\u0645\\u0646 \\u0627\\u0644\\u0648\\u0643\\u0644\\u0627\\u0621 \\u0627\\u0644\\u0622\\u062e\\u0631\\u064a\\u0646 \\u0628\\u0633\\u0647\\u0648\\u0644\\u0629\\u060c \\u0645\\u0645\\u0627 \\u064a\\u0648\\u0641\\u0631 \\u0637\\u0631\\u064a\\u0642\\u0629 \\u0645\\u0646\\u0627\\u0633\\u0628\\u0629 \\u0644\\u062a\\u0644\\u0642\\u064a \\u0627\\u0644\\u0623\\u0645\\u0648\\u0627\\u0644 \\u0648\\u062a\\u0648\\u0633\\u064a\\u0639 \\u0642\\u062f\\u0631\\u0627\\u062a \\u0639\\u0645\\u0644\\u0643.\"},\"fr\":{\"title\":\"Recevoir de l'argent\",\"icon\":\"las la-receipt\",\"sub_title\":\"Acceptez facilement les paiements d'autres agents, offrant ainsi un moyen pratique de recevoir des fonds et d'\\u00e9tendre vos capacit\\u00e9s commerciales.\"}},\"id\":\"6603c5a1212da\"},\"6603c5f5024e7\":{\"language\":{\"en\":{\"title\":\"Add Money\",\"icon\":\"las la-plus-circle\",\"sub_title\":\"Replenish your account balance through manual or automatic methods like PayPal, Stripe, or Flutterwave, ensuring you always have funds available for transactions.\"},\"es\":{\"title\":\"Agregar dinero\",\"icon\":\"las la-plus-circle\",\"sub_title\":\"Reponga el saldo de su cuenta a trav\\u00e9s de m\\u00e9todos manuales o autom\\u00e1ticos como PayPal, Stripe o Flutterwave, asegur\\u00e1ndose de tener siempre fondos disponibles para las transacciones.\"},\"ar\":{\"title\":\"\\u0625\\u0636\\u0627\\u0641\\u0629 \\u0627\\u0644\\u0645\\u0627\\u0644\",\"icon\":\"las la-plus-circle\",\"sub_title\":\"\\u0642\\u0645 \\u0628\\u062a\\u062c\\u062f\\u064a\\u062f \\u0631\\u0635\\u064a\\u062f \\u062d\\u0633\\u0627\\u0628\\u0643 \\u0645\\u0646 \\u062e\\u0644\\u0627\\u0644 \\u0627\\u0644\\u0637\\u0631\\u0642 \\u0627\\u0644\\u064a\\u062f\\u0648\\u064a\\u0629 \\u0623\\u0648 \\u0627\\u0644\\u062a\\u0644\\u0642\\u0627\\u0626\\u064a\\u0629 \\u0645\\u062b\\u0644 PayPal \\u0623\\u0648 Stripe \\u0623\\u0648 Flutterwave\\u060c \\u0645\\u0645\\u0627 \\u064a\\u0636\\u0645\\u0646 \\u062a\\u0648\\u0641\\u0631 \\u0627\\u0644\\u0623\\u0645\\u0648\\u0627\\u0644 \\u062f\\u0627\\u0626\\u0645\\u064b\\u0627 \\u0644\\u0644\\u0645\\u0639\\u0627\\u0645\\u0644\\u0627\\u062a.\"},\"fr\":{\"title\":\"Ajouter de l'argent\",\"icon\":\"las la-plus-circle\",\"sub_title\":\"Reconstituez le solde de votre compte via des m\\u00e9thodes manuelles ou automatiques telles que PayPal, Stripe ou Flutterwave, en vous assurant de toujours disposer de fonds disponibles pour les transactions.\"}},\"id\":\"6603c5f5024e7\"},\"6603c6a7ccab3\":{\"language\":{\"en\":{\"title\":\"Money In\",\"icon\":\"las la-comment-dollar\",\"sub_title\":\"Facilitate transactions from agents to users seamlessly, providing a smooth experience for customers and boosting your business credibility.\"},\"es\":{\"title\":\"Dinero en\",\"icon\":\"las la-comment-dollar\",\"sub_title\":\"Facilite las transacciones de agentes a usuarios sin problemas, brindando una experiencia fluida a los clientes y aumentando la credibilidad de su negocio.\"},\"ar\":{\"title\":\"\\u0627\\u0644\\u0645\\u0627\\u0644 \\u0641\\u064a\",\"icon\":\"las la-comment-dollar\",\"sub_title\":\"\\u0642\\u0645 \\u0628\\u062a\\u0633\\u0647\\u064a\\u0644 \\u0627\\u0644\\u0645\\u0639\\u0627\\u0645\\u0644\\u0627\\u062a \\u0645\\u0646 \\u0627\\u0644\\u0648\\u0643\\u0644\\u0627\\u0621 \\u0625\\u0644\\u0649 \\u0627\\u0644\\u0645\\u0633\\u062a\\u062e\\u062f\\u0645\\u064a\\u0646 \\u0628\\u0633\\u0644\\u0627\\u0633\\u0629\\u060c \\u0645\\u0645\\u0627 \\u064a\\u0648\\u0641\\u0631 \\u062a\\u062c\\u0631\\u0628\\u0629 \\u0633\\u0644\\u0633\\u0629 \\u0644\\u0644\\u0639\\u0645\\u0644\\u0627\\u0621 \\u0648\\u064a\\u0639\\u0632\\u0632 \\u0645\\u0635\\u062f\\u0627\\u0642\\u064a\\u0629 \\u0639\\u0645\\u0644\\u0643.\"},\"fr\":{\"title\":\"Dinero en\",\"icon\":\"las la-comment-dollar\",\"sub_title\":\"Facilitez les transactions des agents aux utilisateurs de mani\\u00e8re transparente, en offrant une exp\\u00e9rience fluide aux clients et en renfor\\u00e7ant la cr\\u00e9dibilit\\u00e9 de votre entreprise.\"}},\"id\":\"6603c6a7ccab3\"},\"6603c6f949029\":{\"language\":{\"en\":{\"title\":\"Withdraw\",\"icon\":\"las la-file-invoice-dollar\",\"sub_title\":\"Safely withdraw funds with automatic support through Flutterwave integration, ensuring quick and hassle-free access to your earnings and also manual withdraw system.\"},\"es\":{\"title\":\"Retirar\",\"icon\":\"las la-file-invoice-dollar\",\"sub_title\":\"Retire fondos de forma segura con soporte autom\\u00e1tico a trav\\u00e9s de la integraci\\u00f3n de Flutterwave, lo que garantiza un acceso r\\u00e1pido y sin complicaciones a sus ganancias y tambi\\u00e9n al sistema de retiro manual.\"},\"ar\":{\"title\":\"\\u064a\\u0646\\u0633\\u062d\\u0628\",\"icon\":\"las la-file-invoice-dollar\",\"sub_title\":\"\\u0642\\u0645 \\u0628\\u0633\\u062d\\u0628 \\u0627\\u0644\\u0623\\u0645\\u0648\\u0627\\u0644 \\u0628\\u0623\\u0645\\u0627\\u0646 \\u0645\\u0646 \\u062e\\u0644\\u0627\\u0644 \\u0627\\u0644\\u062f\\u0639\\u0645 \\u0627\\u0644\\u062a\\u0644\\u0642\\u0627\\u0626\\u064a \\u0645\\u0646 \\u062e\\u0644\\u0627\\u0644 \\u062a\\u0643\\u0627\\u0645\\u0644 Flutterwave\\u060c \\u0645\\u0645\\u0627 \\u064a\\u0636\\u0645\\u0646 \\u0627\\u0644\\u0648\\u0635\\u0648\\u0644 \\u0627\\u0644\\u0633\\u0631\\u064a\\u0639 \\u0648\\u0627\\u0644\\u062e\\u0627\\u0644\\u064a \\u0645\\u0646 \\u0627\\u0644\\u0645\\u062a\\u0627\\u0639\\u0628 \\u0625\\u0644\\u0649 \\u0623\\u0631\\u0628\\u0627\\u062d\\u0643 \\u0648\\u0643\\u0630\\u0644\\u0643 \\u0646\\u0638\\u0627\\u0645 \\u0627\\u0644\\u0633\\u062d\\u0628 \\u0627\\u0644\\u064a\\u062f\\u0648\\u064a.\"},\"fr\":{\"title\":\"Retirer\",\"icon\":\"las la-file-invoice-dollar\",\"sub_title\":\"Retirez des fonds en toute s\\u00e9curit\\u00e9 avec la prise en charge automatique gr\\u00e2ce \\u00e0 l'int\\u00e9gration Flutterwave, garantissant un acc\\u00e8s rapide et sans tracas \\u00e0 vos gains ainsi qu'un syst\\u00e8me de retrait manuel.\"}},\"id\":\"6603c6f949029\"},\"6603c748a85d7\":{\"language\":{\"en\":{\"title\":\"Send Remittance\",\"icon\":\"las la-globe\",\"sub_title\":\"Transfer money internationally or domestically for your customers, leveraging QRpay's reliable remittance services for efficient cross-border transactions.\"},\"es\":{\"title\":\"Enviar remesa\",\"icon\":\"las la-globe\",\"sub_title\":\"Transfiera dinero a nivel nacional o internacional para sus clientes, aprovechando los confiables servicios de remesas de QRpay para transacciones transfronterizas eficientes.\"},\"ar\":{\"title\":\"\\u0625\\u0631\\u0633\\u0627\\u0644 \\u0627\\u0644\\u062a\\u062d\\u0648\\u064a\\u0644\\u0627\\u062a\",\"icon\":\"las la-globe\",\"sub_title\":\"\\u0642\\u0645 \\u0628\\u062a\\u062d\\u0648\\u064a\\u0644 \\u0627\\u0644\\u0623\\u0645\\u0648\\u0627\\u0644 \\u062f\\u0648\\u0644\\u064a\\u064b\\u0627 \\u0623\\u0648 \\u0645\\u062d\\u0644\\u064a\\u064b\\u0627 \\u0644\\u0639\\u0645\\u0644\\u0627\\u0626\\u0643\\u060c \\u0645\\u0639 \\u0627\\u0644\\u0627\\u0633\\u062a\\u0641\\u0627\\u062f\\u0629 \\u0645\\u0646 \\u062e\\u062f\\u0645\\u0627\\u062a \\u0627\\u0644\\u062a\\u062d\\u0648\\u064a\\u0644\\u0627\\u062a \\u0627\\u0644\\u0645\\u0648\\u062b\\u0648\\u0642\\u0629 \\u0627\\u0644\\u062a\\u064a \\u062a\\u0642\\u062f\\u0645\\u0647\\u0627 QRpay \\u0644\\u0625\\u062c\\u0631\\u0627\\u0621 \\u0645\\u0639\\u0627\\u0645\\u0644\\u0627\\u062a \\u0641\\u0639\\u0627\\u0644\\u0629 \\u0639\\u0628\\u0631 \\u0627\\u0644\\u062d\\u062f\\u0648\\u062f.\"},\"fr\":{\"title\":\"Envoyer un versement\",\"icon\":\"las la-globe\",\"sub_title\":\"Transf\\u00e9rez de l'argent \\u00e0 l'\\u00e9chelle internationale ou nationale pour vos clients, en tirant parti des services de transfert de fonds fiables de QRpay pour des transactions transfrontali\\u00e8res efficaces.\"}},\"id\":\"6603c748a85d7\"},\"6603c7a81fac8\":{\"language\":{\"en\":{\"title\":\"Saved My Sender & Receiver\",\"icon\":\"las la-user-check\",\"sub_title\":\"Keep track of frequent senders and receivers for remittance transactions, streamlining your operations and providing personalized service to clients.\"},\"es\":{\"title\":\"Guard\\u00e9 mi remitente y destinatario\",\"icon\":\"las la-user-check\",\"sub_title\":\"Realice un seguimiento de los remitentes y receptores frecuentes de transacciones de remesas, agilizando sus operaciones y brindando un servicio personalizado a los clientes.\"},\"ar\":{\"title\":\"\\u062a\\u0645 \\u062d\\u0641\\u0638 \\u0627\\u0644\\u0645\\u0631\\u0633\\u0644 \\u0648\\u0627\\u0644\\u0645\\u0633\\u062a\\u0642\\u0628\\u0644\",\"icon\":\"las la-user-check\",\"sub_title\":\"\\u062a\\u062a\\u0628\\u0639 \\u0627\\u0644\\u0645\\u0631\\u0633\\u0644\\u064a\\u0646 \\u0648\\u0627\\u0644\\u0645\\u0633\\u062a\\u0642\\u0628\\u0644\\u064a\\u0646 \\u0627\\u0644\\u0645\\u062a\\u0643\\u0631\\u0631\\u064a\\u0646 \\u0644\\u0645\\u0639\\u0627\\u0645\\u0644\\u0627\\u062a \\u0627\\u0644\\u062a\\u062d\\u0648\\u064a\\u0644\\u0627\\u062a\\u060c \\u0648\\u062a\\u0628\\u0633\\u064a\\u0637 \\u0639\\u0645\\u0644\\u064a\\u0627\\u062a\\u0643 \\u0648\\u062a\\u0648\\u0641\\u064a\\u0631 \\u062e\\u062f\\u0645\\u0629 \\u0645\\u062e\\u0635\\u0635\\u0629 \\u0644\\u0644\\u0639\\u0645\\u0644\\u0627\\u0621.\"},\"fr\":{\"title\":\"Enregistr\\u00e9 mon exp\\u00e9diteur et mon destinataire\",\"icon\":\"las la-user-check\",\"sub_title\":\"Gardez une trace des exp\\u00e9diteurs et des destinataires fr\\u00e9quents pour les transactions de transfert de fonds, en rationalisant vos op\\u00e9rations et en fournissant un service personnalis\\u00e9 aux clients.\"}},\"id\":\"6603c7a81fac8\"},\"6603c7f57798c\":{\"language\":{\"en\":{\"title\":\"Profits Log\",\"icon\":\"las la-coins\",\"sub_title\":\"Gain insights into your earnings with a detailed profits log, allowing you to monitor commissions, fees, and overall financial performance conveniently.\"},\"es\":{\"title\":\"Registro de ganancias\",\"icon\":\"las la-coins\",\"sub_title\":\"Obtenga informaci\\u00f3n sobre sus ganancias con un registro de ganancias detallado, que le permitir\\u00e1 monitorear c\\u00f3modamente las comisiones, tarifas y el desempe\\u00f1o financiero general.\"},\"ar\":{\"title\":\"\\u0633\\u062c\\u0644 \\u0627\\u0644\\u0623\\u0631\\u0628\\u0627\\u062d\",\"icon\":\"las la-coins\",\"sub_title\":\"\\u0627\\u062d\\u0635\\u0644 \\u0639\\u0644\\u0649 \\u0631\\u0624\\u0649 \\u062d\\u0648\\u0644 \\u0623\\u0631\\u0628\\u0627\\u062d\\u0643 \\u0645\\u0646 \\u062e\\u0644\\u0627\\u0644 \\u0633\\u062c\\u0644 \\u0623\\u0631\\u0628\\u0627\\u062d \\u0645\\u0641\\u0635\\u0644\\u060c \\u0645\\u0645\\u0627 \\u064a\\u0633\\u0645\\u062d \\u0644\\u0643 \\u0628\\u0645\\u0631\\u0627\\u0642\\u0628\\u0629 \\u0627\\u0644\\u0639\\u0645\\u0648\\u0644\\u0627\\u062a \\u0648\\u0627\\u0644\\u0631\\u0633\\u0648\\u0645 \\u0648\\u0627\\u0644\\u0623\\u062f\\u0627\\u0621 \\u0627\\u0644\\u0645\\u0627\\u0644\\u064a \\u0627\\u0644\\u0639\\u0627\\u0645 \\u0628\\u0633\\u0647\\u0648\\u0644\\u0629.\"},\"fr\":{\"title\":\"Journal des b\\u00e9n\\u00e9fices\",\"icon\":\"las la-coins\",\"sub_title\":\"Obtenez des informations sur vos revenus gr\\u00e2ce \\u00e0 un journal d\\u00e9taill\\u00e9 des b\\u00e9n\\u00e9fices, vous permettant de surveiller facilement les commissions, les frais et les performances financi\\u00e8res globales.\"}},\"id\":\"6603c7f57798c\"},\"6603c9017f51d\":{\"language\":{\"en\":{\"title\":\"Bill Pay & Mobile TopUp\",\"icon\":\"las la-mobile\",\"sub_title\":\"Offer additional services such as bill payments and mobile top-ups, providing a comprehensive solution for your customers' financial needs.\"},\"es\":{\"title\":\"Pago de facturas y recarga m\\u00f3vil\",\"icon\":\"las la-mobile\",\"sub_title\":\"Ofrece servicios adicionales como pago de facturas y recargas m\\u00f3viles, brindando una soluci\\u00f3n integral a las necesidades financieras de tus clientes.\"},\"ar\":{\"title\":\"\\u062f\\u0641\\u0639 \\u0627\\u0644\\u0641\\u0648\\u0627\\u062a\\u064a\\u0631 \\u0648\\u062a\\u0639\\u0628\\u0626\\u0629 \\u0631\\u0635\\u064a\\u062f \\u0627\\u0644\\u0647\\u0627\\u062a\\u0641 \\u0627\\u0644\\u0645\\u062d\\u0645\\u0648\\u0644\",\"icon\":\"las la-mobile\",\"sub_title\":\"\\u0642\\u0645 \\u0628\\u062a\\u0642\\u062f\\u064a\\u0645 \\u062e\\u062f\\u0645\\u0627\\u062a \\u0625\\u0636\\u0627\\u0641\\u064a\\u0629 \\u0645\\u062b\\u0644 \\u062f\\u0641\\u0639 \\u0627\\u0644\\u0641\\u0648\\u0627\\u062a\\u064a\\u0631 \\u0648\\u062a\\u0639\\u0628\\u0626\\u0629 \\u0631\\u0635\\u064a\\u062f \\u0627\\u0644\\u0647\\u0627\\u062a\\u0641 \\u0627\\u0644\\u0645\\u062d\\u0645\\u0648\\u0644\\u060c \\u0645\\u0645\\u0627 \\u064a\\u0648\\u0641\\u0631 \\u062d\\u0644\\u0627\\u064b \\u0634\\u0627\\u0645\\u0644\\u0627\\u064b \\u0644\\u0644\\u0627\\u062d\\u062a\\u064a\\u0627\\u062c\\u0627\\u062a \\u0627\\u0644\\u0645\\u0627\\u0644\\u064a\\u0629 \\u0644\\u0639\\u0645\\u0644\\u0627\\u0626\\u0643.\"},\"fr\":{\"title\":\"Paiement de factures et recharge mobile\",\"icon\":\"las la-mobile\",\"sub_title\":\"Proposez des services suppl\\u00e9mentaires tels que le paiement de factures et les recharges mobiles, offrant ainsi une solution compl\\u00e8te aux besoins financiers de vos clients.\"}},\"id\":\"6603c9017f51d\"},\"6603c947b9f0c\":{\"language\":{\"en\":{\"title\":\"QR Code Support\",\"icon\":\"las la-qrcode\",\"sub_title\":\"Leverage QR codes for seamless transactions. QRpay's QR code support enhances the user experience, making payments and transfers swift and secure.\"},\"es\":{\"title\":\"Soporte de c\\u00f3digo QR\",\"icon\":\"las la-qrcode\",\"sub_title\":\"Aproveche los c\\u00f3digos QR para transacciones fluidas. La compatibilidad con c\\u00f3digos QR de QRpay mejora la experiencia del usuario, haciendo que los pagos y las transferencias sean r\\u00e1pidos y seguros.\"},\"ar\":{\"title\":\"\\u062f\\u0639\\u0645 \\u0631\\u0645\\u0632 \\u0627\\u0644\\u0627\\u0633\\u062a\\u062c\\u0627\\u0628\\u0629 \\u0627\\u0644\\u0633\\u0631\\u064a\\u0639\\u0629\",\"icon\":\"las la-qrcode\",\"sub_title\":\"\\u0627\\u0633\\u062a\\u0641\\u062f \\u0645\\u0646 \\u0631\\u0645\\u0648\\u0632 QR \\u0644\\u0625\\u062c\\u0631\\u0627\\u0621 \\u0645\\u0639\\u0627\\u0645\\u0644\\u0627\\u062a \\u0633\\u0644\\u0633\\u0629. \\u064a\\u0639\\u0645\\u0644 \\u062f\\u0639\\u0645 \\u0631\\u0645\\u0632 \\u0627\\u0644\\u0627\\u0633\\u062a\\u062c\\u0627\\u0628\\u0629 \\u0627\\u0644\\u0633\\u0631\\u064a\\u0639\\u0629 \\u0627\\u0644\\u062e\\u0627\\u0635 \\u0628\\u0640 QRpay \\u0639\\u0644\\u0649 \\u062a\\u062d\\u0633\\u064a\\u0646 \\u062a\\u062c\\u0631\\u0628\\u0629 \\u0627\\u0644\\u0645\\u0633\\u062a\\u062e\\u062f\\u0645\\u060c \\u0645\\u0645\\u0627 \\u064a\\u062c\\u0639\\u0644 \\u0639\\u0645\\u0644\\u064a\\u0627\\u062a \\u0627\\u0644\\u062f\\u0641\\u0639 \\u0648\\u0627\\u0644\\u062a\\u062d\\u0648\\u064a\\u0644\\u0627\\u062a \\u0633\\u0631\\u064a\\u0639\\u0629 \\u0648\\u0622\\u0645\\u0646\\u0629.\"},\"fr\":{\"title\":\"Prise en charge des codes QR\",\"icon\":\"las la-qrcode\",\"sub_title\":\"Tirez parti des codes QR pour des transactions fluides. La prise en charge du code QR de QRpay am\\u00e9liore l'exp\\u00e9rience utilisateur, rendant les paiements et les transferts rapides et s\\u00e9curis\\u00e9s.\"}},\"id\":\"6603c947b9f0c\"}}}","status":"1","serialize":null,"created_at":"2024-03-27 12:15:21","updated_at":"2024-03-27 13:24:03"},
    {"key":"agent-app-section","value":"{\"images\":{\"site_image\":\"2ec5235e-94cb-4dc5-8c52-d4c24800a6db.webp\",\"google_play\":\"8f612987-e787-4f00-baab-caa51d549715.webp\",\"appple_store\":\"b4924595-c699-482f-ae7a-e32d738695f6.webp\"},\"language\":{\"en\":{\"title\":\"Download Our New App\",\"details\":\"Experience the power of financial management at your fingertips with the QRpay Agent App. Download our app today to access a world of convenience and efficiency in handling money transfers, remittances, bill payments, and more.\",\"google_link\":\"https:\\\/\\\/play.google.com\",\"apple_link\":\"https:\\\/\\\/www.apple.com\\\/store\"},\"es\":{\"title\":\"Descarga nuestra nueva aplicaci\\u00f3n\",\"details\":\"Experimente el poder de la gesti\\u00f3n financiera a su alcance con la aplicaci\\u00f3n QRpay Agent. Descargue nuestra aplicaci\\u00f3n hoy para acceder a un mundo de conveniencia y eficiencia en el manejo de transferencias de dinero, remesas, pagos de facturas y m\\u00e1s.\",\"google_link\":\"https:\\\/\\\/play.google.com\",\"apple_link\":\"https:\\\/\\\/www.apple.com\\\/store\"},\"ar\":{\"title\":\"\\u0642\\u0645 \\u0628\\u062a\\u0646\\u0632\\u064a\\u0644 \\u062a\\u0637\\u0628\\u064a\\u0642\\u0646\\u0627 \\u0627\\u0644\\u062c\\u062f\\u064a\\u062f\",\"details\":\"\\u0627\\u0633\\u062a\\u0645\\u062a\\u0639 \\u0628\\u062a\\u062c\\u0631\\u0628\\u0629 \\u0642\\u0648\\u0629 \\u0627\\u0644\\u0625\\u062f\\u0627\\u0631\\u0629 \\u0627\\u0644\\u0645\\u0627\\u0644\\u064a\\u0629 \\u0641\\u064a \\u0645\\u062a\\u0646\\u0627\\u0648\\u0644 \\u064a\\u062f\\u0643 \\u0645\\u0646 \\u062e\\u0644\\u0627\\u0644 \\u062a\\u0637\\u0628\\u064a\\u0642 QRpay Agent. \\u0642\\u0645 \\u0628\\u062a\\u0646\\u0632\\u064a\\u0644 \\u062a\\u0637\\u0628\\u064a\\u0642\\u0646\\u0627 \\u0627\\u0644\\u064a\\u0648\\u0645 \\u0644\\u0644\\u0648\\u0635\\u0648\\u0644 \\u0625\\u0644\\u0649 \\u0639\\u0627\\u0644\\u0645 \\u0645\\u0646 \\u0627\\u0644\\u0631\\u0627\\u062d\\u0629 \\u0648\\u0627\\u0644\\u0643\\u0641\\u0627\\u0621\\u0629 \\u0641\\u064a \\u0627\\u0644\\u062a\\u0639\\u0627\\u0645\\u0644 \\u0645\\u0639 \\u062a\\u062d\\u0648\\u064a\\u0644\\u0627\\u062a \\u0627\\u0644\\u0623\\u0645\\u0648\\u0627\\u0644 \\u0648\\u0627\\u0644\\u062a\\u062d\\u0648\\u064a\\u0644\\u0627\\u062a \\u0648\\u062f\\u0641\\u0639 \\u0627\\u0644\\u0641\\u0648\\u0627\\u062a\\u064a\\u0631 \\u0648\\u0627\\u0644\\u0645\\u0632\\u064a\\u062f.\",\"google_link\":\"https:\\\/\\\/play.google.com\",\"apple_link\":\"https:\\\/\\\/www.apple.com\\\/store\"},\"fr\":{\"title\":\"T\\u00e9l\\u00e9chargez notre nouvelle application\",\"details\":\"D\\u00e9couvrez la puissance de la gestion financi\\u00e8re \\u00e0 port\\u00e9e de main avec l'application QRpay Agent. T\\u00e9l\\u00e9chargez notre application d\\u00e8s aujourd'hui pour acc\\u00e9der \\u00e0 un monde de commodit\\u00e9 et d'efficacit\\u00e9 dans la gestion des transferts d'argent, des envois de fonds, des paiements de factures et bien plus encore.\",\"google_link\":\"https:\\\/\\\/play.google.com\",\"apple_link\":\"https:\\\/\\\/www.apple.com\\\/store\"}}}","status":"1","serialize":null,"created_at":"2024-03-27 15:15:57","updated_at":"2024-03-28 10:42:17"}
]
